story_name,clause_num,total_bits,wording_bits,semantic_bits
Shambaugh,1,85.93809611672857,55.19329970742256,30.744796409306012
Shambaugh,2,63.67018973423245,38.955583874967225,24.71460585926523
Shambaugh,3,80.97015847941722,65.13709993096529,15.833058548451927
Shambaugh,4,63.04755200143327,22.126963156959118,40.920588844474146
Shambaugh,5,24.488876571621585,9.619141009293015,14.869735562328568
Shambaugh,6,18.582447509336827,8.651415265305818,9.931032244031007
Shambaugh,7,7.145408595615957,4.693756006872528,2.4516525887434297
Shambaugh,8,27.185784676751403,17.594116865841187,9.591667810910218
Shambaugh,9,26.023457121225377,18.180211726202327,7.843245395023049
Shambaugh,10,45.698052256970286,24.000831068173497,21.69722118879679
Shambaugh,11,59.444600773986075,24.192681165424958,35.25191960856112
Shambaugh,12,11.783888009761025,6.654149103331908,5.129738906429117
Dalphonso,1,59.74786259181558,42.58204581623831,17.165816775577277
Dalphonso,2,77.599452620652,61.014447390286215,16.585005230365795
Dalphonso,3,19.21714878684127,5.103322375404338,14.113826411436932
Dalphonso,4,111.26803113834495,40.638669370687715,70.62936176765723
Dalphonso,5,38.411755462225955,22.030509782444934,16.38124567978102
Dalphonso,6,41.35526192221299,37.77855111499707,3.5767108072159166
Dalphonso,7,29.300428316816298,26.607570742192465,2.6928575746238304
Dalphonso,8,35.69261345045664,26.136167682836383,9.556445767620255
Dalphonso,9,94.46834754070974,50.38760361080268,44.08074392990706
Dalphonso,10,53.57986578694326,34.092916132054135,19.486949654889127
Dalphonso,11,69.6852348082554,32.573040775064364,37.11219403319104
Dalphonso,12,50.4661487791694,21.94615296957762,28.51999580959178
Dalphonso,13,20.90938635387781,11.716932248708217,9.192454105169595
Dalphonso,14,40.60538454078859,25.512473284121867,15.092911256666723
Dalphonso,15,22.167347442122608,11.969244038903653,10.198103403218953
Dalphonso,16,39.60648729440482,16.496597880933177,23.10988941347165
Dalphonso,17,63.140397876948484,45.61483878254858,17.525559094399902
Dalphonso,18,41.44537532850217,38.931247634738455,2.514127693763719
Schissel,1,56.76666854247863,15.498493130018494,41.26817541246013
Schissel,2,32.71987268516141,12.811172024138429,19.908700661022984
Schissel,3,39.01176303300483,19.100211588980173,19.91155144402466
Schissel,4,29.96409973596335,21.354422588926482,8.60967714703687
Schissel,5,64.33940862887655,28.935087642999477,35.40432098587708
Schissel,6,41.582796335860316,23.400612323802484,18.18218401205783
Schissel,7,31.519505326921767,16.712156818761216,14.807348508160553
Schissel,8,33.79713899012825,6.183230327125805,27.613908663002448
Schissel,9,20.266413561189005,5.9449531824844914,14.321460378704515
Schissel,10,92.16412123380944,67.7478460996767,24.416275134132725
Schissel,11,24.756872322754752,9.619581277981338,15.137291044773413
Schissel,12,18.01959919235336,12.011950763868022,6.00764842848534
Schissel,13,45.478706953023185,14.323551690969289,31.155155262053896
Schissel,14,9.68755983047568,7.707816639583016,1.9797431908926644
Schissel,15,15.36420907663057,16.03562934212749,-0.6714202654969208
Schissel,16,43.359748611717514,24.159506392959713,19.200242218757804
Schissel,17,52.05536754957561,31.998701271615182,20.056666277960424
Schissel,18,75.04338867537454,50.42846122776236,24.614927447612178
Boyscout,1,60.99472306277909,24.285997589864206,36.708725472914885
Boyscout,2,45.83374518574195,22.744989004015064,23.088756181726886
Boyscout,3,11.225970786917246,8.65617024533378,2.569800541583466
Boyscout,4,62.7177855861456,44.02474085712727,18.693044729018325
Boyscout,5,27.619015855384223,14.024175303067999,13.594840552316226
Boyscout,6,59.24911841497175,31.960287244195364,27.288831170776383
Boyscout,7,38.2990449135992,24.41592291600814,13.883121997591061
Boyscout,8,25.213350050536025,14.01555690113614,11.197793149399883
Boyscout,9,37.60552281399019,31.158440825731958,6.4470819882582315
Boyscout,10,58.80747796661458,23.101083891107592,35.706394075506985
Boyscout,11,22.322324441254626,12.660212529337525,9.6621119119171
Boyscout,12,19.616919020020536,12.243887941871296,7.37303107814924
Boyscout,13,19.42002777696628,8.16024383945515,11.25978393751113
Boyscout,14,36.969060422779684,20.1822328682042,16.78682755457549
Boyscout,15,13.621069975893064,2.975558521833487,10.645511454059578
Boyscout,16,23.69294637588116,7.203249795759934,16.489696580121226
Boyscout,17,84.47849448611572,49.30679311093914,35.17170137517658
Boyscout,18,19.611635712084347,5.259356039008985,14.35227967307536
Boyscout,19,6.888023487512541,8.081346437094194,-1.1933229495816522
Tarentino,1,133.04101273911886,70.41944663289111,62.62156610622775
Tarentino,2,88.13401462680663,53.09987734389537,35.03413728291126
Tarentino,3,28.848265290275794,4.99756817910106,23.850697111174735
Tarentino,4,24.807592070286002,14.094454300611707,10.713137769674296
Tarentino,5,41.17303187217087,27.28341854187848,13.889613330292386
Tarentino,6,14.074729947136078,7.575557842936188,6.499172104199889
Tarentino,7,66.51472224521694,33.54037027117275,32.9743519740442
Tarentino,8,14.083183231177811,8.20532804505598,5.877855186121831
Tarentino,9,19.363672501931557,7.5797845065974805,11.783887995334073
Tarentino,10,32.22288960615398,8.904133456352188,23.318756149801793
Tarentino,11,28.154390968214113,14.746590479301547,13.407800488912565
Tarentino,12,38.542473285281666,11.7694469598935,26.773026325388166
Tarentino,13,11.085170654222255,8.036218192361623,3.04895246186063
Tarentino,14,30.395217597192477,8.782969612719217,21.61224798447326
Tarentino,15,32.06333372379339,21.715096349148723,10.348237374644665
Tarentino,16,36.03963865628043,14.898199376585247,21.141439279695184
Tarentino,17,7.62486871219831,1.1816996692366444,6.4431690429616655
Tarentino,18,37.54881531650279,13.427811002680787,24.12100431382201
Tarentino,19,27.887407858147206,21.639721174199885,6.2476866839473235
Guyton,1,107.21186022132734,100.1440281830546,7.0678320382727415
Guyton,2,32.686059520140574,7.996813527427496,24.68924599271308
Guyton,3,12.205143694252333,4.540826275102765,7.66431741914957
Guyton,4,36.71123503444639,22.657814438216228,14.053420596230161
Guyton,5,120.81373418607996,68.60867293665234,52.20506124942761
Guyton,6,42.27772733105079,26.557423350015352,15.720303981035443
Guyton,7,45.966180060433125,34.941679399798716,11.024500660634413
Guyton,8,38.75974929061481,21.251662264715886,17.508087025898927
Guyton,9,29.513785859265695,21.631620098183873,7.882165761081819
Guyton,10,18.463573085100638,12.978179552332492,5.485393532768147
Guyton,11,22.618189627973457,8.219769100694284,14.398420527279171
Guyton,12,10.485251141220587,3.292909165635141,7.192341975585448
Guyton,13,18.30419333127872,2.1696780744099673,16.134515256868756
Guyton,14,27.268358362983186,20.04554931605664,7.222809046926545
Guyton,15,70.68395593331398,46.50701460829519,24.17694132501879
Guyton,16,79.70969349015738,17.094976441262805,62.61471704889457
Guyton,17,33.90861676017066,15.861632430097101,18.04698433007356
Guyton,18,19.44256988698017,10.552525257465756,8.890044629514414
Guyton,19,129.96618306407314,100.77978613036964,29.18639693370348
Guyton,20,40.39454756532554,20.471626004937377,19.922921560388165
Guyton,21,14.93141817967033,4.984888245824985,9.946529933845344
Guyton,22,20.22309045342459,8.77028967367236,11.452800779752229
Guyton,23,104.9885125388697,82.46440979363783,22.52410274523187
Guyton,24,8.044715518420489,3.3004818949878882,4.7442336234326
Guyton,25,64.99612368848668,36.85136375490303,28.144759933583632
Guyton,26,22.730900178042905,4.836691484904717,17.89420869313819
CI,1,48.690957630002515,38.37794229864782,10.313015331354698
CI,2,93.00482746452549,60.88056508505194,32.12426237947354
CI,3,21.910226488595786,11.837073307247513,10.073153181348275
CI,4,23.75304398800208,7.861979139838268,15.89106484816381
CI,5,13.913126785871667,13.215334017084418,0.6977927687872497
CI,6,113.4967061489712,64.04988339292612,49.44682275604509
CI,7,27.338648367135896,3.6102377862641877,23.72841058087171
CI,8,62.56661420941815,39.82510200869622,22.741512200721928
CI,9,12.099477549955486,6.748544178194859,5.350933371760627
CI,10,5.181867546656451,2.8741190267709817,2.3077485198854695
CI,11,34.94027050133185,24.758105105667187,10.182165395664661
CI,12,14.89958626154556,8.700461961236309,6.199124300309251
CI,13,17.771129656257333,10.378946598453098,7.392183057804236
CI,14,31.629838392026667,10.159667356810342,21.47017103521632
CI,15,21.006428787948828,11.671705800584059,9.334722987364769
CI,16,16.693489126872823,3.4967347483719404,13.196754378500883
CI,17,3.232327244251464,1.1457731752705531,2.0865540689809112
CI,18,6.018038934574079,5.244562782558434,0.7734761520156452
CI,19,4.443965653169969,2.6360179933560057,1.8079476598139632
CI,20,8.396935980174044,5.021959444728575,3.3749765354454704
CI,21,23.016903216877825,9.89933240218465,13.117570814693178
CI,22,21.77567828063127,13.898971925727714,7.876706354903551
CI,23,114.06655485077347,85.4413882024125,28.625166648360963
CI,24,18.51975225179442,8.01336789325602,10.506384358538398
CI,25,19.591911373035668,3.935007075692945,15.656904297342724
CI,26,90.90739859764967,41.77607734710495,49.131321250544715
CI,27,10.546647571147089,9.804893277369745,0.7417542937773443
Williams,1,61.50614717289901,44.32342381481131,17.182723358087692
Williams,2,55.5867299710784,46.04899591990705,9.537734051171345
Williams,3,100.69490098425612,47.74280212994106,52.95209885431506
Williams,4,34.99160665128381,5.883127492642718,29.10847915864109
Williams,5,44.468934906003405,23.499115047603283,20.969819858400122
Williams,6,28.40992691637582,12.918742353920003,15.49118456245582
Williams,7,23.839866332069587,11.965985984823167,11.873880347246418
Williams,8,57.10480019268697,34.03435946885425,23.070440723832725
Williams,9,34.86938615183438,34.7172269135687,0.15215923826567238
Williams,10,21.875356666315795,11.224914129658092,10.650442536657703
Williams,11,13.864322239234582,10.280963271383753,3.5833589678508297
Williams,12,30.295891410877495,12.515978261632307,17.77991314924519
Williams,13,33.49537410632533,14.462920916740302,19.03245318958503
Williams,14,55.69653470250429,41.8336653834117,13.862869319092594
Williams,15,29.555017675828683,16.037373937840947,13.517643737987735
Williams,16,99.74916975234021,71.13110670994935,28.61806304239086
Williams,17,39.14074175802508,10.037050581926627,29.103691176098454
Williams,18,33.39393460751182,16.70301008863259,16.690924518879232
Williams,19,191.02095970157265,142.92723589882968,48.09372380274295
Williams,20,48.05026859965654,36.476259963973725,11.574008635682812
Williams,21,52.17124808007868,26.173767213976287,25.997480866102396
Williams,22,24.70967477089632,6.461968799154101,18.247705971742224
Williams,23,39.42192376505936,27.64226241318885,11.779661351870514
Williams,24,21.076872862987198,10.842754916681116,10.234117946306084
Williams,25,5.326982371936046,3.9237360206859995,1.4032463512500462
Williams,26,16.83226400571211,8.364531696307731,8.46773230940438
Williams,27,19.921589724775334,12.639783751154281,7.281805973621053
Williams,28,59.42807942668615,26.854180112112882,32.573899314573275
Laidlaw,1,69.74810613951409,38.60882281607373,31.139283323440353
Laidlaw,2,17.51521948079257,6.6132915325384705,10.901927948254102
Laidlaw,3,16.517731112677936,9.08165256463248,7.436078548045457
Laidlaw,4,37.96936656185953,18.663458213231834,19.3059083486277
Laidlaw,5,82.01992131684548,36.34666966756447,45.673251649281006
Laidlaw,6,43.42737494175919,13.997065330572951,29.43030961118624
Laidlaw,7,96.2315631942924,33.34222422160064,62.88933897269177
Laidlaw,8,14.143765155446879,13.391334174513391,0.7524309809334865
Laidlaw,9,49.325218634490554,26.185522559490956,23.139696074999595
Laidlaw,10,52.55058953074662,24.046173972366816,28.504415558379804
Laidlaw,11,57.666679898646954,36.15307565120045,21.5136042474465
Laidlaw,12,23.86082344970262,5.807983456050195,18.052839993652427
Laidlaw,13,32.91077618114491,8.963262470001052,23.947513711143863
Laidlaw,14,10.023908367609833,7.650404674539962,2.373503693069872
Laidlaw,15,45.32284939920217,35.33352465376135,9.98932474544082
Laidlaw,16,24.745601267747805,6.458490643190092,18.287110624557712
Laidlaw,17,21.78589266106672,8.694881476876732,13.091011184189986
Laidlaw,18,73.39711020522601,22.089858942556596,51.30725126266942
Laidlaw,19,26.251695989444098,19.128037004044863,7.123658985399237
Laidlaw,20,12.82646059790344,1.1769006656580496,11.64955993224539
Laidlaw,21,9.864990902042111,3.007610584689824,6.857380317352286
Laidlaw,22,20.74437674028232,3.6729550539949485,17.071421686287373
Laidlaw,23,106.72244987311535,25.313314618009304,81.40913525510604
Laidlaw,24,14.021016318855972,0.821246043358565,13.199770275497405
Laidlaw,25,6.379417133930885,7.053567096746161,-0.6741499628152753
Laidlaw,26,33.560094606758966,9.856581645734826,23.703512961024142
Laidlaw,27,23.88583109957288,4.908940720427171,18.97689037914571
Laidlaw,28,33.976595318435784,6.660665182638977,27.315930135796805
Laidlaw,29,35.38265943776565,31.881235737189687,3.501423700575963
DAlmaggio,1,41.20697710539102,20.262539145948896,20.94443795944212
DAlmaggio,2,35.80814175706435,16.30358106754598,19.504560689518367
DAlmaggio,3,36.85634987271024,27.614084767015314,9.242265105694921
DAlmaggio,4,43.46682363428349,20.130104249617293,23.3367193846662
DAlmaggio,5,29.666649546764802,14.560970304815571,15.10567924194923
DAlmaggio,6,78.36569725122375,51.28333604456724,27.082361206656508
DAlmaggio,7,59.96725192739242,46.78306189191168,13.184190035480741
DAlmaggio,8,14.54124595133994,13.37187399581209,1.1693719555278512
DAlmaggio,9,15.255372951900092,9.424010866960563,5.8313620849395305
DAlmaggio,10,21.73904734464522,7.686848503655147,14.052198840990073
DAlmaggio,11,16.28667448503556,15.726820050243646,0.5598544347919174
DAlmaggio,12,22.185662885589814,5.464073187083323,16.721589698506488
DAlmaggio,13,23.566323115538246,15.609236194771336,7.95708692076691
DAlmaggio,14,3.988896810871301,3.0819291110356795,0.9069676998356218
DAlmaggio,15,48.196352044384966,51.1337276574766,-2.937375613091629
DAlmaggio,16,42.597895729948014,18.743060054727355,23.854835675220663
DAlmaggio,17,27.15760703923404,25.358464901784128,1.7991421374499128
DAlmaggio,18,9.475963390190781,4.168353136293435,5.307610253897345
DAlmaggio,19,42.88403085155347,34.88136165593048,8.002669195622985
DAlmaggio,20,24.794912122582975,12.21148364069264,12.583428481890333
DAlmaggio,21,7.392227103716642,9.501499375182743,-2.109272271466101
DAlmaggio,22,17.389828997447047,5.153866029021595,12.235962968425453
DAlmaggio,23,19.629246733729328,14.264929003985014,5.3643177297443145
DAlmaggio,24,18.730688291643684,11.407804607402793,7.322883684240892
DAlmaggio,25,18.096383258555583,8.234210124593297,9.862173133962287
DAlmaggio,26,3.5391112793942137,1.0703979902228495,2.468713289171364
DAlmaggio,27,16.374993769477502,11.52720733891667,4.84778643056083
DAlmaggio,28,59.91622397634249,58.82654190277504,1.0896820735674537
DAlmaggio,29,17.441957630460905,2.129524957178045,15.312432673282858
DAlmaggio,30,24.352523224380597,17.578619165206636,6.773904059173961
DAlmaggio,31,30.610776520593564,18.98503549761166,11.625741022981906
Triplett,1,106.25787107797424,57.273866010577684,48.98400506739655
Triplett,2,37.408631568050545,25.106275027970046,12.302356540080496
Triplett,3,29.50762200818208,7.506522634625387,22.00109937355669
Triplett,4,36.63092877257134,19.436934345049746,17.193994427521588
Triplett,5,38.941495048995066,19.139660287275262,19.801834761719807
Triplett,6,42.21714540678173,20.159338534294942,22.057806872486786
Triplett,7,18.309828858782197,8.937946620507406,9.37188223827479
Triplett,8,47.96961010955803,20.167087397957147,27.802522711600886
Triplett,9,49.2305593776398,14.536490992952405,34.69406838468739
Triplett,10,7.553015732922298,3.708705420865057,3.8443103120572406
Triplett,11,28.310072423793038,23.640157322378208,4.669915101414829
Triplett,12,84.9879813871729,28.320286827311605,56.66769455986128
Triplett,13,25.23025663304644,6.386461554130438,18.843795078916006
Triplett,14,54.98302408041611,36.87325645161392,18.109767628802185
Triplett,15,9.812157831336382,1.46875935234646,8.343398478989922
Triplett,16,51.38896641146977,27.555616160149942,23.83335025131983
Triplett,17,55.63780190932304,31.971162019584206,23.666639889738835
Triplett,18,28.645034080583503,10.874542813996372,17.77049126658713
Triplett,19,23.601589184542885,10.49793109902248,13.103658085520408
Triplett,20,68.41653667218335,24.874579993922207,43.541956678261144
Triplett,21,32.17886204482805,27.37739261186947,4.801469432958581
Triplett,22,18.199539828048138,10.448532157556196,7.751007670491943
Triplett,23,14.325510913827129,12.698252346478093,1.6272585673490358
Triplett,24,34.5063349037622,6.990695761159402,27.515639142602797
Triplett,25,48.005492565979345,16.488981125577215,31.516511440402134
Triplett,26,17.323237311446515,4.846949892064732,12.476287419381784
Triplett,27,51.03533707144708,23.68400878546206,27.351328285985023
Triplett,28,142.18788110972702,63.66217672811229,78.52570438161474
Triplett,29,6.695006674125346,4.473199959488046,2.2218067146373004
Triplett,30,3.4024497338282678,0.9636752103072749,2.4387745235209928
Triplett,31,3.930780426458603,2.556416160516655,1.3743642659419477
Triplett,32,24.492002530091543,23.846734638157415,0.6452678919341269
Hawkins,1,129.98062411105525,94.57788810890285,35.4027360021524
Hawkins,2,23.539598382004687,18.65500491476315,4.8845934672415385
Hawkins,3,90.13462689053938,77.33070840264983,12.80391848788955
Hawkins,4,75.49775307132516,46.47549087623247,29.022262195092697
Hawkins,5,36.50906049066942,21.95271307618633,14.556347414483087
Hawkins,6,27.191420204254875,9.347579030424486,17.84384117383039
Hawkins,7,177.64917376714448,134.64349479082782,43.00567897631664
Hawkins,8,80.25132052771771,66.67533477185243,13.575985755865284
Hawkins,9,25.40214022911583,20.623212891744185,4.778927337371643
Hawkins,10,100.38353809906681,80.35777916027017,20.025758938796635
Hawkins,11,14.869339332339178,9.394072131606787,5.475267200732391
Hawkins,12,17.746276108434945,8.904133455486571,8.842142652948374
Hawkins,13,19.31013498343509,10.399661561310483,8.910473422124609
Hawkins,14,76.76519642670361,54.94938703960586,21.815809387097747
Hawkins,15,3.876538483254524,2.9480853234506896,0.9284531598038345
Hawkins,16,63.61277779039701,37.30912928926426,26.30364850113275
Hawkins,17,51.13677656650958,33.10238410760681,18.034392458902776
Hawkins,18,20.3209196820528,4.704080470133301,15.6168392119195
Hawkins,19,20.750012267785795,7.81577220818181,12.934240059603981
Hawkins,20,34.54261361152479,18.117516475873394,16.4250971356514
Hawkins,21,43.52036113835301,25.42503455292622,18.095326585426786
Hawkins,22,65.37599345119318,31.272774891025243,34.10321856016794
Hawkins,23,353.170759784731,249.13762325700662,104.03313652772435
Hawkins,24,36.69855510261301,31.324375175933145,5.3741799266798616
Hawkins,25,35.636962608785694,26.58912318609093,9.047839422694766
Hawkins,26,29.85094890999211,25.428380647471574,4.4225682625205325
Hawkins,27,9.30707366477138,8.580090631250377,0.7269830335210026
Hawkins,28,27.740619977660113,17.541107678138342,10.199512299521771
Hawkins,29,41.34786529297783,18.974821104191953,22.373044188785876
Hawkins,30,27.997300637251445,11.678221865464177,16.319078771787268
Hawkins,31,127.11284504515153,84.8203244244682,42.292520620683334
Hawkins,32,67.7221340092292,47.10173887402327,20.620395135205925
Hawkins,33,30.009183955991134,11.496123890402034,18.513060065589098
Hawkins,34,85.17060770457022,48.312408683459836,36.85819902111038
McCaffrey,1,49.02908928021087,23.65230893207414,25.376780348136727
McCaffrey,2,32.19576862733847,6.454087884172108,25.741680743166363
McCaffrey,3,22.38132136592936,6.961021190048279,15.420300175881081
McCaffrey,4,93.94406738320201,86.516684267049,7.427383116153004
McCaffrey,5,25.16263030300477,13.87748648451454,11.285143818490232
McCaffrey,6,27.323855093373005,7.270534918614107,20.0533201747589
McCaffrey,7,12.082570967445069,12.64612371779232,-0.5635527503472513
McCaffrey,8,24.153870879883193,11.789523537264497,12.364347342618695
McCaffrey,9,60.59600948830168,28.693288291143777,31.902721197157902
McCaffrey,10,44.777083771627375,11.985622288744949,32.79146148288243
McCaffrey,11,97.5213945765362,44.65142912360639,52.869965452929804
McCaffrey,12,13.119508028084011,6.6837356191184005,6.43577240896561
McCaffrey,13,63.116499166393794,31.614604855346236,31.501894311047554
McCaffrey,14,4.483062121798909,2.7290042043767775,1.7540579174221318
McCaffrey,15,85.23171796251829,29.163414554568455,56.06830340794983
McCaffrey,16,36.70982615761995,31.88581461464748,4.824011542972471
McCaffrey,17,117.8346534483759,41.17457282296739,76.66008062540851
McCaffrey,18,21.64106401613318,4.37039561071693,17.27066840541625
McCaffrey,19,35.639604258425706,25.603412216238823,10.036192042186883
McCaffrey,20,30.713624893925196,7.1867064451965845,23.526918448728615
McCaffrey,21,56.05412653429932,27.39993471611258,28.654191818186746
McCaffrey,22,11.766981427250608,1.0035641686345156,10.763417258616093
McCaffrey,23,55.373592560087765,12.076583214026455,43.297009346061316
McCaffrey,24,7.9094628583371485,2.0456964981874726,5.8637663601496754
McCaffrey,25,24.311665649980423,3.556017854691156,20.755647795289267
McCaffrey,26,21.28256960965047,13.89227972076736,7.39028988888311
McCaffrey,27,52.37518373900441,28.024157438407244,24.35102630059717
McCaffrey,28,20.58094644268162,10.665235793108256,9.915710649573363
McCaffrey,29,39.17255167663744,13.380151171512876,25.792400505124565
McCaffrey,30,8.1602438250282,4.113935077534935,4.046308747493264
McCaffrey,31,12.336169705101332,6.463950046482973,5.872219658618358
McCaffrey,32,25.66207892763935,3.2366859648590545,22.425392962780293
McCaffrey,33,11.385922921773275,6.308466727755574,5.077456194017701
McCaffrey,34,9.405695403295624,1.6142264173910676,7.791468985904557
McCaffrey,35,24.85283038312841,4.810506107240283,20.042324275888124
McCaffrey,36,29.78265115285233,3.6209530072277927,26.16169814562454
McCaffrey,37,29.766856273341816,14.99613870116731,14.770717572174506
McCaffrey,38,18.439445991362064,5.700336069762447,12.739109921599615
Furlow,1,37.41990262305749,25.083732903529206,12.336169719528282
Furlow,2,46.88758882889131,19.002998741709316,27.884590087181994
Furlow,3,69.04084744504176,36.08710036848624,32.95374707655552
Furlow,4,142.22380760513582,96.38442687746345,45.83938072767236
Furlow,5,82.47030948581676,42.85924331972492,39.61106616609184
Furlow,6,26.81612929880842,17.877478217526026,8.938651081282398
Furlow,7,47.77324720883895,41.37014323398817,6.403103974850786
Furlow,8,59.33664519673112,47.74683066338722,11.589814533343896
Furlow,9,60.040910021996154,42.24281347916085,17.798096542835303
Furlow,10,30.825928188785483,17.048401468742654,13.777526720042829
Furlow,11,37.70071037999414,21.514594855529822,16.186115524464316
Furlow,12,59.87360529905648,47.24879092207121,12.624814376985272
Furlow,13,85.22713909660206,53.528529655169265,31.698609441432787
Furlow,14,25.6078369757791,20.67393263927544,4.9339043365036614
Furlow,15,76.5980898271984,39.47123463432148,37.12685519287692
Furlow,16,22.83942811368167,12.140026945218546,10.699401168463126
Furlow,17,69.12678923586297,50.092618987429006,19.03417024843397
Furlow,18,9.720932723922802,5.970841388486432,3.7500913354363696
Furlow,19,17.120732555549495,4.182970297387295,12.937762258162198
Furlow,20,32.584620025078074,23.934085307247763,8.650534717830308
Furlow,21,48.11719047584815,36.22677781465545,11.890412661192702
Furlow,22,9.244026203531336,5.944248744504083,3.2997774590272524
Furlow,23,43.000219567974334,33.88448966643208,9.115729901542254
Furlow,24,15.744254966433072,7.545222861867646,8.199032104565426
Furlow,25,18.4295838290512,9.863934237569481,8.56564959148172
Furlow,26,38.22208474049872,30.48318464475479,7.7389000957439364
Furlow,27,15.689308581209039,5.717682936830833,9.971625644378205
Furlow,28,16.078159960193606,11.543673643072708,4.534486317120896
Furlow,29,33.521350366353474,11.946657861192662,21.574692505160815
Furlow,30,54.476266880284015,36.77465674116745,17.701610139116568
Furlow,31,19.43834323774583,13.896506390199432,5.541836847546397
Furlow,32,26.832859767207108,19.57289146735077,7.259968299856334
Furlow,33,55.428230767617386,38.458600781532844,16.96962998608454
Furlow,34,26.685631608654177,18.1884889062312,8.497142702422979
Furlow,35,55.367692867908836,33.900955970155316,21.466736897753524
Furlow,36,21.208603312970762,11.137651501032614,10.070951811938146
Furlow,37,25.524360729142334,16.468464267976334,9.055896461165998
Furlow,38,30.250454977053217,21.56478626721802,8.685668709835193
Furlow,39,22.074361231101836,7.267364936737783,14.806996294364051
Furlow,40,31.485780224150496,20.805971292777667,10.67980893137283
Furlow,41,33.77794297465972,19.097393816572264,14.68054915808746
Furlow,42,157.59523720742152,102.8915239204845,54.70371328693702
Furlow,43,24.72393969511056,17.170043432025093,7.553896263085465
Furlow,44,12.593114537302949,7.316499691888179,5.27661484541477
Furlow,45,33.63564589726222,10.734271015846007,22.901374881416213
Furlow,46,33.942782153414946,23.29788709658237,10.644895056832576
Hester,1,83.37762942830278,41.90291521021071,41.474714218092075
Hester,2,48.048507494606646,24.17729354025798,23.871213954348665
Hester,3,24.672339410202664,12.291085485073552,12.381253925129112
Hester,4,30.431848518751572,22.586489793340572,7.845358725411
Hester,5,96.84160906024893,59.00344463056359,37.838164429685335
Hester,6,22.674368792647464,17.554095821858017,5.120272970789446
Hester,7,51.039563717796035,31.379673789380632,19.6598899284154
Hester,8,53.153326810385416,43.18513531760843,9.968191492776985
Hester,9,24.115831059135886,10.316130288120817,13.79970077101507
Hester,10,93.86992497241057,89.04749841071022,4.822426561700362
Hester,11,107.43287856244825,78.68570055055308,28.74717801189518
Hester,12,26.341864429499655,19.160793511806546,7.181070917693109
Hester,13,4.7964915671073305,3.9316719845249586,0.8648195825823719
Hester,14,27.259046548723497,9.216200785581254,18.042845763142243
Hester,15,18.777577641570414,18.9998287569476,-0.2222511153771872
Hester,16,33.67227683324827,16.072524439903606,17.59975239334466
Hester,17,13.660518668417373,8.509646530243495,5.150872138173877
Hester,18,7.098898983798802,5.828145321036374,1.2707536627624278
Hester,19,58.5468293203573,41.58104624852818,16.965783071829115
Hester,20,53.94718772323725,40.7158496925593,13.231338030677946
Hester,21,45.371631930457205,46.09861497840516,-0.7269830479479542
Hester,22,22.412492881310186,16.652983758334326,5.75950912297586
Hester,23,26.05304364855343,13.536537063340976,12.516506585212452
Hester,24,55.799471135055825,36.59641116841594,19.203059966639888
Hester,25,32.957445392110856,19.254308042079376,13.703137350031476
Hester,26,12.203734801556251,9.805817856042173,2.3979169455140785
Hester,27,53.67276394307222,46.09861497840516,7.5741489646670574
Hester,28,83.42834916140708,50.77328502810866,32.65506413329843
Hester,29,28.431588468815335,15.752003817111019,12.679584651704317
Hester,30,88.02570684729672,67.78876971921316,20.236937128083547
Hester,31,40.02351632966179,22.254698111212956,17.768818218448835
Hester,32,64.71593230280851,37.980285394413805,26.735646908394703
Hester,33,18.50143679390026,9.21549634644669,9.285940447453571
Hester,34,35.28826434847574,26.786366642941694,8.501897705534052
Hester,35,7.083858057437998,4.814853796713052,2.2690042607249454
Hester,36,22.007615448535677,9.825806371307873,12.181809077227802
Hester,37,21.28362628277927,18.652891588703284,2.6307346940759864
Hester,38,63.80826016528101,31.96541645037222,31.842843714908792
Hester,39,7.664317404722618,6.405481448273772,1.2588359564488465
Hester,40,34.74373149804261,21.131819245325843,13.611912252716765
Hester,41,54.1546015518326,26.539812337026543,27.614789214806056
Hester,42,22.18363763173411,11.654975312708986,10.528662319025123
Hester,43,42.13727941936578,29.222015231508653,12.91526418785713
Hester,44,55.84244203190914,30.207836296881805,25.63460573502733
Hester,45,8.563184034313007,6.4729316613183245,2.090252372994683
Hester,46,45.98062112039952,31.874631621745827,14.105989498653688
Hester,47,78.08617728139066,34.48916415989452,43.59701312149614
Hester,48,65.74265497724122,59.85493759995461,5.8877173772866005
Hester,49,75.26528756252829,48.57824706550611,26.687040497022178
Hester,50,13.733780525962514,4.578866100899502,9.154914425063012
Hester,51,77.88580786895534,43.875179240911436,34.01062862804391
Hester,52,110.16470051614982,26.508156498100277,83.65654401804954
Hester,53,40.192582154765965,22.141987558258116,18.05059459650785
Hester,54,27.436565657869405,13.601345651271336,13.835220006598071
Adamo,1,40.801219125140996,24.497638057595015,16.30358106754598
Adamo,2,47.96961010955803,26.227745001161075,21.741865108396954
Adamo,3,71.07527287379534,35.04804998323012,36.02722289056521
Adamo,4,78.20826570081068,59.229394047069164,18.97887165374152
Adamo,5,30.992935729242454,10.007287970062096,20.98564775918036
Adamo,6,18.56932727491179,10.740434861158842,7.828892413752945
Adamo,7,8.647716946865096,4.7831539664082525,3.864562980456843
Adamo,8,42.29745167298487,15.973814646487542,26.323637026497323
Adamo,9,16.239476933177137,2.8682083165857506,13.371268616591388
Adamo,10,23.031696473328378,5.2397197548521275,17.79197671847625
Adamo,11,34.365094487951936,17.651440743243246,16.71365374470869
Adamo,12,69.41279226315633,39.82138580395321,29.59140645920312
Adamo,13,54.50208904086115,25.549093177287258,28.952995863573893
Adamo,14,28.802300519021497,11.2820288575403,17.520271661481196
Adamo,15,16.18241722622132,7.384126021929849,8.798291204291473
Adamo,16,7.255829708399205,2.9621356288881766,4.293694079511029
Adamo,17,116.55714981158023,89.23329472686339,27.32385508471683
Adamo,18,59.01721424958202,40.75333913712288,18.26387511245914
Adamo,19,55.22024456981803,25.280084813797462,29.940159756020563
Adamo,20,38.53010152681462,17.965709454289616,20.564392072525006
Adamo,21,13.668971952459104,4.442909004566987,9.22606294789212
Adamo,22,19.791972592195467,15.518129421388826,4.273843170806639
Adamo,23,18.574698651445402,12.274178902563134,6.3005197488822695
Adamo,24,85.85373931251743,64.87927454623873,20.97446476627871
Adamo,25,40.316734353048695,22.49754313478215,17.81919121826655
Adamo,26,123.13152096940377,75.38557088090324,47.74595008850052
Adamo,27,51.857771861616,26.701481541118916,25.15629032049709
Adamo,28,48.42247758533196,21.37157132000896,27.050906265323007
Adamo,29,39.51785981524466,21.377526053023477,18.140333762221186
Adamo,30,22.395586298799767,5.342480073291942,17.053106225507825
Adamo,31,20.792278724061838,4.899474782046378,15.89280394201546
Adamo,32,52.31466786001589,17.728329378290343,34.58633848172554
Adamo,33,14.452310289868736,2.523747715581616,11.92856257428712
Adamo,34,14.772126479297539,8.969646462353765,5.802480016943774
Adamo,35,17.268665148908912,7.674884032136558,9.593781116772353
Adamo,36,36.14909116381096,14.981345423364871,21.16774574044609
Adamo,37,16.533228816919223,16.853045006348026,-0.319816189428803
Adamo,38,45.223325099118796,17.323787659497693,27.8995374396211
Adamo,39,50.993070607957556,42.46369973866539,8.529370869292167
Adamo,40,5.946890394432632,3.8441341965028193,2.1027561979298124
Adamo,41,26.72367142146666,20.203101928060022,6.520569493406635
Adamo,42,82.68164177441047,47.29673694743506,35.3849048269754
Adamo,43,23.13947592925814,15.31454599790003,7.824929931358109
Adamo,44,12.251636792549244,6.063827593736424,6.187809198812819
Adamo,45,42.248845254398866,20.926562784663236,21.322282469735633
Adamo,46,32.145632248551024,10.910106067214956,21.235526181336066
Adamo,47,42.40170893612719,40.4518164199257,1.9498925162014895
Adamo,48,36.5971156075505,29.89083787841821,6.706277729132291
Adamo,49,15.700579624674422,11.13298458310995,4.567595041564472
Adamo,50,65.89622311253103,49.06809769683338,16.82812541569766
Adamo,51,35.83068386707824,22.811910900692947,13.018772966385292
Adamo,52,16.557179805202242,5.790504502604532,10.766675302597712
Adamo,53,43.25830910222806,23.944651914463975,19.313657187764086
Adamo,54,49.45175384297131,15.644224349639696,33.80752949333161
Adamo,55,65.92746065487019,37.90757388665108,28.019886768219116
Adamo,56,39.33230567334351,17.19353212657168,22.138773546771837
Adamo,57,22.819659739829337,10.117885186136856,12.70177455369248
Adamo,58,47.287667261261156,21.19247169691057,26.09519556435059
Adamo,59,9.253536160701866,4.113935077534935,5.139601083166932
Adamo,60,65.44678979052236,36.128045998066774,29.31874379245559
Adamo,61,38.31031596860615,30.109566783695623,8.200749184910524
Adamo,62,52.50691418898797,22.294499008877594,30.212415180110376
Adamo,63,48.05414302211012,24.17641298989708,23.877730032213037
Adamo,64,52.0821363052171,27.332880750225485,24.749255554991613
Stein,1,89.08360101835524,41.008588922683685,48.07501209567155
Stein,2,25.6078369757791,12.336169705101332,13.271667270677769
Stein,3,66.27380343362327,34.953126576130856,31.32067685749242
Stein,4,36.298432649866456,23.37546364526942,12.922969004597036
Stein,5,124.81390203753124,69.4806387387952,55.33326329873605
Stein,6,59.133413976939956,32.10370700566607,27.029706971273885
Stein,7,21.600976920810144,6.74854418973642,14.852432731073723
Stein,8,70.53989776096545,58.77985068147648,11.760047079488968
Stein,9,64.99128066222305,51.67140320713249,13.319877455090554
Stein,10,34.94661048816762,19.544141450241995,15.402469037925623
Stein,11,127.78558614123924,76.8007927262948,50.984793414944434
Stein,12,33.58351727146184,20.313435010477267,13.270082260984568
Stein,13,44.393537709180386,42.18886320897467,2.204674500205717
Stein,14,90.93984693853713,64.15510926564924,26.784737672887886
Stein,15,31.153196039196054,17.990012669353394,13.163183369842661
Stein,16,48.4694549826485,34.972498694458096,13.4969562881904
Stein,17,34.32106694970912,20.87469830189789,13.446368647811232
Stein,18,39.296533281713835,15.945725078288952,23.350808203424883
Stein,19,14.088818758681283,7.641775294708728,6.447043463972555
Stein,20,10.544071958997073,7.999763374238311,2.5443085847587614
Stein,21,12.312218716818311,5.226951755142671,7.08526696167564
Stein,22,40.15780038651218,31.01354063105921,9.14425975545297
Stein,23,10.842666857028401,4.8429543849377135,5.999712472090688
Stein,24,71.72546083638062,40.32095549811292,31.404505338267693
Stein,25,10.549707486500544,3.0368448910078993,7.512862595492646
Stein,26,34.111892013899855,12.77058963054451,21.341302383355345
Stein,27,43.882443776844376,29.357223874966298,14.525219901878078
Stein,28,49.33050193954135,31.414015298179343,17.916486641362006
Stein,29,15.976720472344574,6.196086383169778,9.780634089174796
Stein,30,41.68317917222097,33.158034952163135,8.525144220057832
Stein,31,66.74648331199388,54.430742385075796,12.315740926918085
Stein,32,40.40673219989792,35.92877726182461,4.47795493807331
Stein,33,16.93546459572564,5.892648445457773,11.042816150267866
Stein,34,16.64171271775433,3.2869214127936055,13.354791304960726
Stein,35,24.140486503144466,9.39407212511466,14.746414378029804
Stein,36,23.911543197233872,9.941774949489298,13.969768247744577
Stein,37,54.94780204433961,33.58756781812601,21.3602342262136
Stein,38,33.44685574753632,18.113994284528655,15.332861463007664
Stein,39,46.37757361002478,34.050473567437145,12.327100042587633
Stein,40,35.856043733630386,15.20914399952361,20.64689973410678
Stein,41,23.91436096098561,13.356728514023475,10.557632446962135
Stein,42,19.06358066597838,4.400378373949424,14.66320229202896
Stein,43,49.41794067795047,31.588892763456023,17.829047914494446
Stein,44,30.843242026505067,29.8260293049148,1.0172127215902644
Stein,45,29.84368435905513,18.138715759390827,11.704968599664301
Stein,46,18.772338358483285,6.695799184598455,12.076539173884829
Stein,47,37.35566641861382,17.39681835574767,19.958848062866156
Stein,48,48.71105621106974,33.57878432326265,15.132271887807082
Stein,49,30.650687509739694,27.391536469155422,3.2591510405842716
Stein,50,38.0736238134603,22.41601509140996,15.657608722050337
Stein,51,6.472755558748158,3.973575223627131,2.4991803351210278
Stein,52,22.337822145495913,13.189247689956327,9.148574455539586
Stein,53,16.940395675438374,3.2601526679723243,13.68024300746605
Stein,54,13.261981200838207,6.860550297785915,6.401430903052292
Stein,55,69.60757018159342,43.85268115848772,25.754889023105697
Stein,56,3.9554358625323593,2.650106804901212,1.3053290576311474
Stein,57,19.42002777696628,7.298008116996905,12.122019659969377
Stein,58,24.858311817817256,8.155664966325439,16.702646851491817
Stein,59,20.254085847480212,16.50786893594012,3.746216911540091
Stein,60,78.49840729936345,62.76784491059091,15.730562388772533
Stein,61,149.35414778340416,88.00645580123575,61.34769198216841
Stein,62,31.929842171645323,25.264686195294278,6.665155976351045
Stein,63,100.06209288389617,55.69580824337104,44.36628464052513
Stein,64,40.30265104798193,15.345101133366196,24.95754991461574
Stein,65,116.99777759968327,93.02107363101916,23.97670396866412
Stein,66,33.23411456624655,20.819399703598698,12.414714862647845
Stein,67,76.87229345455277,45.59016271850374,31.282130736049037
Stein,68,38.895354174160715,16.600238752619283,22.295115421541432
Stein,69,22.121294602415155,22.588999353573644,-0.46770475115849114
Stein,70,40.967764376766695,32.58784504952121,8.379919327245478
Stein,71,52.365057382442835,44.490464386636866,7.874592995805965
Stein,72,62.85303824622894,40.33848947897711,22.514548767251835
Stein,73,4.48587989276412,2.898774467172823,1.5871054255912975
Stein,74,76.9597762166568,51.60662765937115,25.353148557285657
Stein,75,54.87471628647924,25.993782554875143,28.8809337316041
Stein,76,24.878652549620583,16.467671779533177,8.410980770087406
Stein,77,47.283836857741576,29.83996403648537,17.443872821256207
Stein,78,43.87592770907887,33.77045829298532,10.105469416093548
Stein,79,38.03487956007056,31.22077835261203,6.814101207458528
Stein,80,42.46615429398599,15.296725814183748,27.169428479802235
Stein,81,43.940207944575185,21.72636740415567,22.21384054041952
Stein,82,49.82369865820049,37.40013424862808,12.423564409572412
Stein,83,4.253139185415822,3.009085503190068,1.2440536822257544
Stein,84,12.43021256328239,3.450351721935869,8.979860841346522
Stein,85,13.338060829348562,7.864202514098776,5.473858315249786
Stein,86,30.732997019177375,10.51730321417579,20.215693805001585
Stein,87,91.11802643989533,57.50087211175361,33.61715432814172
Stein,88,42.27772733105079,28.650317388519692,13.6274099425311
Stein,89,10.954056574054484,11.754301502630703,-0.8002449285762194
Stein,90,4.7523346806935765,6.061362050994665,-1.3090273703010888
Stein,91,94.23947027719429,48.473555045347595,45.7659152318467
Stein,92,61.39907215033303,36.06737602222408,25.33169612810895
Stein,93,37.26809560868718,19.212834092813974,18.05526151587321
Stein,94,63.56734134935925,15.46644105994868,48.10090028941057
Stein,95,46.38585077129861,35.54826907915129,10.837581692147321
Stein,96,34.13298119583693,26.56869440790769,7.5642867879292455
Stein,97,50.845886486660866,21.203760293920627,29.64212619274024
Stein,98,108.26764107931024,60.28570326469957,47.98193781461066
Stein,99,18.404223933645145,7.184593122022108,11.219630811623038
Stein,100,82.75631251022475,50.277270560124734,32.479041950100004
Stein,101,24.718128069365008,14.676674716878837,10.04145335248617
Stein,102,48.17671574891739,18.50742454241371,29.669291206503676
Stein,103,24.41592291600814,22.113105484491577,2.302817431516564
Stein,104,31.344787460361065,20.72678774476747,10.617999715593594
Stein,105,42.07062169169144,28.00716279379153,14.063458897899913
Stein,106,18.50394636048119,14.818267350813692,3.6856790096674996
Stein,107,30.911748908061792,14.009613172278048,16.90213573578374
Stein,108,28.30302801513504,6.416312231707003,21.886715783428038
Stein,109,27.969122999734083,15.091018068557755,12.878104931176328
Stein,110,32.15191717868157,17.824645155476464,14.327272023205104
Stein,111,34.230194056092046,15.29341276615527,18.936781289936775
Stein,112,29.156810421812267,13.628290495777394,15.528519926034871
Stein,113,26.853640782269977,20.604192980288513,6.249447801981465
Stein,114,64.72579449397325,46.88952604083945,17.83626845313381
Stein,115,30.508280353844953,25.494862245164544,5.0134181086804075
Stein,116,45.619595140609995,17.013657525770043,28.605937614839952
Stein,117,39.07322550474941,18.788496482780857,20.28472902196855
Stein,118,45.47143139937248,29.283818917221392,16.187612482151085
Stein,119,22.420946165351918,13.093443707970344,9.327502457381573
Stein,120,36.88840193556657,11.833771226442463,25.05463070912411
Stein,121,24.684182815658584,14.9621934313027,9.721989384355883
Stein,122,69.97264118512197,41.326721069339555,28.645920115782413
Stein,123,21.70582304046296,16.237126971299368,5.4686960691635935
Stein,124,23.247948826802435,8.595183822557233,14.652765004245206
Stein,125,87.76981866369809,69.23632978962915,18.533488874068937
Stein,126,46.632581198538965,23.362783699009086,23.26979749952988
Stein,127,47.99637886880627,21.47981308669896,26.516565782107307
Stein,128,35.70106673449837,11.91350514955437,23.787561584944
Stein,129,15.193382149361895,8.333007965687708,6.860374183674188
Stein,130,29.34982723808485,11.937103899515071,17.41272333856978
Knott,1,121.20716444107961,86.36410677403437,34.843057667045244
Knott,2,64.47043463972555,38.66535420132492,25.805080438400637
Knott,3,21.685509833362232,10.792035169149862,10.893474664212368
Knott,4,38.17788107227454,23.803763741304113,14.374117330970428
Knott,5,17.26232518227087,13.118099149814881,4.144226032455991
Knott,6,37.69604347072764,22.322324441254626,15.373719029473015
Knott,7,34.168819632025816,24.187904180402345,9.980915451623467
Knott,8,22.939921019883393,12.730084279462623,10.209836740420771
Knott,9,73.53940726819657,46.11939599058263,27.420011277613938
Knott,10,26.92655041159167,9.68923288063375,17.237317530957917
Knott,11,46.955391268716625,35.190853369547064,11.764537899169563
Knott,12,81.63625142251631,40.40391444047427,41.232336982042035
Knott,13,101.16546753945225,78.76248462685416,22.402982912598098
Knott,14,37.179512142257444,19.150579109730668,18.028933032526776
Knott,15,53.66924173297244,25.676872186975295,27.992369545997143
Knott,16,31.224344573566718,24.45184939843267,6.772495175134048
Knott,17,49.37849198542616,31.62094482198427,17.757547163441888
Knott,18,79.47824062199392,48.70244881040891,30.775791811585005
Knott,19,49.48996976412473,23.613388577556925,25.876581186567805
Knott,20,30.059336852771178,15.325151141664824,14.734185711106353
Knott,21,22.170165198660868,16.414882732132824,5.755282466528042
Knott,22,82.02158060871344,25.510227883803363,56.51135272491007
Knott,23,64.24924018882099,42.49795317814533,21.751287010675668
Knott,24,28.157913163886935,4.668330104705888,23.489583059181047
Knott,25,23.686826536229535,10.243363727259593,13.443462808969942
Knott,26,19.002998741709316,8.49696659696742,10.506032144741894
Knott,27,55.25493829327886,44.33751262635652,10.917425666922343
Knott,28,100.09542174571357,77.54626732605091,22.549154419662653
Knott,29,30.835845396837094,14.159791187596394,16.6760542092407
Knott,30,11.5894623181047,6.095527441353564,5.493934876751135
Knott,31,16.517731112677936,19.515127305390745,-2.9973961927128108
Knott,32,113.03529734869066,59.22146911834687,53.813828230343795
Knott,33,36.17744491832544,25.503579721292944,10.673865197032496
Knott,34,20.61757737145419,6.511852030262489,14.1057253411917
Knott,35,20.929292489195067,4.082939673380445,16.84635281581462
Knott,36,14.122631923702118,3.235145006560505,10.887486917141613
Knott,37,47.61879852318821,26.449467785744645,21.169330737443563
Knott,38,83.04125887016008,51.09715178151397,31.9441070886461
Knott,39,59.92784725813019,40.13059136376933,19.797255894360866
Knott,40,21.56681152323777,6.314872743857974,15.251938779379795
Knott,41,77.58008049107174,37.283417187275184,40.29666330379656
Knott,42,34.75007146468065,24.943901390513883,9.806170074166765
Knott,43,26.52325798851036,10.246401635742895,16.276856352767464
Knott,44,16.412064968381088,4.1667681568968336,12.245296811484256
Knott,45,56.87444801283534,35.01458903994062,21.859858972894724
Knott,46,28.529153545752333,9.566307932816505,18.96284561293583
Knott,47,27.10688729170279,8.261683320090704,18.845203971612083
Knott,48,66.42032715592704,24.467699310699675,41.95262784522736
Knott,49,42.7134240470874,13.217645452728872,29.49577859435853
Knott,50,27.33389338422255,10.105205257910214,17.22868812631233
Knott,51,23.91576984646822,9.309363097729499,14.60640674873872
Knott,52,72.39997405379327,36.85665807348778,35.54331598030549
Knott,53,60.02963896698921,21.944391884725466,38.08524708226375
Knott,54,32.0936246931414,25.443878340171302,6.649746352970095
Knott,55,20.62277261512104,2.5232193865192314,18.099553228601806
Knott,56,23.38743913941093,6.895067907712096,16.492371231698833
Knott,57,19.599660217942837,1.5367378990700227,18.062922318872815
Knott,58,92.73084396026222,14.438397571804716,78.2924463884575
Knott,59,47.41732841421773,24.1933195724075,23.224008841810228
Knott,60,47.409931784549755,16.375786256290407,31.034145528259348
Knott,61,13.478860951944686,2.755420726312578,10.723440225632107
Knott,62,123.83807522041343,57.22455515300138,66.61352006741204
Knott,63,31.933716598426997,10.789745724650185,21.143970873776812
Knott,64,72.9799050630708,30.44043389263305,42.53947117043775
Knott,65,16.901475313707685,2.140972120525936,14.760503193181748
Knott,66,25.879707150375737,8.817201044751924,17.062506105623815
Knott,67,91.44528327561781,47.67577017380951,43.76951310180829
Knott,68,43.46638336559517,18.684679485441464,24.78170388015371
Knott,69,42.001938697177145,18.33765427528958,23.66428442188756
Knott,70,19.858894483102574,4.944426917716655,14.914467565385918
Knott,71,21.9355863666895,7.92372777245252,14.01185859423698
Knott,72,93.55239820151294,57.79801410522405,35.7543840962889
Knott,73,21.23501985265171,8.658988008652708,12.576031843999004
Knott,74,99.84023802231283,66.8392934146737,33.000944607639134
Knott,75,44.97450335557412,28.65295905114396,16.32154430443016
Knott,76,36.76759030659572,7.041899805257697,29.725690501338025
Knott,77,25.49785612014261,15.095817065211413,10.402039054931198
Knott,78,104.8507503013852,61.859072083886,42.991678217499214
Knott,79,147.7143963858989,101.23978606752934,46.47461031836956
Knott,80,90.3235931757289,65.88957493314109,24.434018242587804
Knott,81,42.55950370622442,32.318341339718785,10.241162366505636
Knott,82,24.732128837559955,9.364925884508617,15.367202953051338
Knott,83,37.55515528314083,14.493167860662174,23.061987422478655
Knott,84,84.0792525808447,45.51956453824357,38.559688042601124
Knott,85,26.684222728942352,8.761836386745237,17.92238634219711
Knott,86,117.2193242816967,80.04324629031912,37.17607799137759
Knott,87,16.523366640181408,8.63362813531989,7.889738504861518
Knott,88,47.45114158212394,30.865784139404344,16.585357442719594
Knott,89,34.24850951687159,3.2469443793768136,31.001565137494776
Knott,90,36.30406817736993,11.856445428171602,24.447622749198327
Knott,91,10.950534376938963,10.343834618512071,0.6066997584268916
Knott,92,36.31533923237688,24.221497209924863,12.093842022452014
Knott,93,26.419881270535228,7.218538364331243,19.201342906203983
Knott,94,135.79772125158283,81.24440612094473,54.55331513063809
Knott,95,39.84317945820684,12.218880284787561,27.624299173419274
Knott,96,40.41465716035951,32.48740717564317,7.92724998471634
Knott,97,45.118033192800944,23.077485141146894,22.04054805165405
Knott,98,32.21831073735236,13.683765211795048,18.53454552555731
Knott,99,33.855431469897646,12.102999762940652,21.752431706956994
Knott,100,31.75056195456414,17.957608382601688,13.792953571962451
Knott,101,52.810968506614635,23.142029507415334,29.6689389991993
Knott,102,59.03901889630623,38.46212298730453,20.576895909001696
Knott,103,26.878648420598676,8.101070779028262,18.777577641570414
Knott,104,46.85870674791129,22.026899520338723,24.831807227572572
Knott,105,10.282019925757515,2.451542506350917,7.830477419406598
Knott,106,9.941070514682819,3.219911469302992,6.721159045379826
Knott,107,46.78139435235814,24.273097504931624,22.508296847426518
Knott,108,62.40783157345461,26.22809722072836,36.17973435272625
Knott,109,15.880916504785542,2.8107193459636535,13.07019715882189
Knott,110,27.518280792242805,10.333003852391181,17.185276939851626
Knott,111,31.11339512998985,16.9595036364479,14.15389149354195
Knott,112,82.24770614221612,56.52134699350741,25.726359148708706
Knott,113,23.36295982033429,6.4594592498855095,16.903500570448777
Knott,114,98.79291044317799,50.25340765703013,48.53950278614786
Knott,115,19.47162807918652,21.907760955952895,-2.4361328767663752
Knott,116,46.74476341925749,32.64590640867943,14.098857010578058
Knott,117,64.51410997859881,37.011503000380934,27.50260697821788
Knott,118,97.4294650429723,70.13660531624372,27.292859726728583
Knott,119,25.596565920772154,8.028161135279621,17.568404785492536
Knott,120,32.23521731986278,16.433198200125847,15.802019119736928
Knott,121,76.03207153699478,50.39094971400421,25.641121822990577
Knott,122,59.71933273761632,53.26542097909751,6.453911758518809
Knott,123,59.60864744428797,19.175939010186152,40.43270843410181
Knott,124,40.65927427596694,17.325196538055362,23.33407773791159
Knott,125,37.64726093658722,15.836976999794127,21.8102839367931
Knott,126,42.87438880151354,33.318295262116735,9.556093539396802
Knott,127,76.89351474450756,44.59322468069513,32.30029006381243
Knott,128,39.11373085020478,24.679912159753144,14.433818690451636
Knott,129,75.95555161959838,34.06134836374506,41.89420325585331
Knott,130,66.17799947327772,37.212092537350095,28.96590693592763
Knott,131,34.6303165088386,20.6732281929274,13.957088315911195
Knott,132,26.276175322947687,13.110174192960027,13.16600112998766
Knott,133,39.20425150982763,13.279151948024086,25.92509956180354
Knott,134,73.7190397120585,56.27461654318394,17.44442316887457
Knott,135,39.00630362249848,36.17304216652093,2.8332614559775466
Knott,136,22.339231030978517,8.48243748787999,13.85679354309853
Knott,137,17.74204946280734,9.055059922381364,8.686989540425976
Knott,138,23.697305097210094,12.886954463673948,10.810350633536146
Knott,139,48.53474785228614,41.56905974676778,6.965688105518358
Knott,140,48.401432404150945,29.06311979041196,19.33831261373898
Knott,141,55.76178354325333,19.333293469035556,36.42849007421777
Knott,142,28.842629762772322,20.373136359859615,8.469493402912706
Knott,143,20.894774872055407,11.320189773636983,9.574585098418426
Knott,144,56.48207441076674,28.24174163730446,28.240332773462285
Knott,145,107.26222774640591,78.93155043897409,28.330677307431824
Knott,146,70.7675202218583,60.845205449627606,9.922314772230692
Knott,147,21.204376649309467,19.698634152951243,1.5057424963582262
Knott,148,60.250481201211876,45.57204537639776,14.678435824814114
Knott,149,23.473733161340988,12.221169724959154,11.252563436381836
Knott,150,41.297145545446575,27.074483019378032,14.222662526068545
Knott,151,15.055575890923627,3.722970356620855,11.332605534302774
Knott,152,32.327146862082834,20.164621852329997,12.162525009752839
Norman,1,57.24146173103944,34.16468105932372,23.076780671715724
Norman,2,82.82675659680466,42.49632415976125,40.330432437043406
Norman,3,60.1648916126456,21.927089058520053,38.23780255412555
Norman,4,56.253835539662624,34.924948931400024,21.328886608262604
Norman,5,8.924562248096766,2.070704136516171,6.853858111580595
Norman,6,21.175494587084494,14.847611706919372,6.327882880165121
Norman,7,29.98382407501203,13.54474819578099,16.43907587923104
Norman,8,51.75668459189156,31.46033228092183,20.29635231096973
Norman,9,51.692624492903455,24.713207991211842,26.97941650169161
Norman,10,27.935794137916687,19.076802698148516,8.858991439768173
Norman,11,15.333863081883816,6.796807334560835,8.537055747322981
Norman,12,32.50581069492128,8.709311503977066,23.79649919094421
Norman,13,44.8334390466621,22.32884053066056,22.504598516001543
Norman,14,45.40614952018565,26.92787124073976,18.47827827944589
Norman,15,37.894695811618305,14.682222193818575,23.212473617799734
Norman,16,11.665541932188102,7.634730888936125,4.030811043251977
Norman,17,17.409575355917323,4.1048075986279455,13.304767757289376
Norman,18,73.41683455148817,56.68995051953718,16.726884031950988
Norman,19,10.758222004129028,7.010596214319807,3.7476257898092213
Norman,20,27.357360063531345,14.21879361118984,13.138566452341507
Norman,21,111.15666343727798,101.35725433185124,9.799409105426742
Norman,22,31.246468421906712,17.171788020092265,14.074680401814446
Norman,23,18.915075706444615,15.34836468036378,3.566711026080836
Norman,24,34.25203172336463,19.24669127864432,15.00534044472031
Norman,25,74.9134193246701,36.50083834397411,38.41258098069599
Norman,26,25.16263030300477,6.797062565693503,18.365567737311267
Norman,27,19.411574478497595,13.936659501660573,5.474914976837022
Norman,28,87.75396873556144,31.31074866187538,56.443220073686064
Norman,29,29.029922996649617,17.847583517264443,11.182339479385172
Norman,30,37.43238443217775,22.507306236169264,14.925078196008485
Norman,31,14.269860077926968,5.3539272452960045,8.915932832630963
Norman,32,14.697015445941041,6.588933279957306,8.108082165983735
Norman,33,39.12614662789438,21.420496946125777,17.705649681768605
Norman,34,28.228489347952895,24.01288362213938,4.2156057258135124
Norman,35,11.00900297082008,6.606247112338916,4.4027558584811635
Norman,36,22.57953344231552,3.8919041102075123,18.68762933210801
Norman,37,82.21710700368558,49.21839127629488,32.99871572739071
Norman,38,111.32786459531219,63.689667772416335,47.63819682289586
Norman,39,34.98848068430195,26.613646558726263,8.374834125575683
Norman,40,44.545674930188504,15.054321100852496,29.491353829336006
Norman,41,8.106706320958686,4.5971815645644405,3.5095247563942453
Norman,42,24.139605951629402,13.857938249045914,10.28166770258349
Norman,43,28.251779926134226,21.640183472264404,6.61159645386982
Norman,44,44.092367187168946,18.28975229006737,25.802614897101574
Norman,45,65.59754014042005,43.59203800640269,22.005502134017366
Norman,46,76.51839993889016,51.014093764451154,25.504306174438998
Norman,47,21.812309203633056,5.73529395126234,16.077015252370717
Norman,48,31.085569709154385,11.721897207222828,19.363672501931557
Norman,49,22.87460613659493,6.6002593537266,16.27434678286833
Norman,50,28.398127520476386,20.786643182131414,7.611484338344973
Norman,51,25.297882970301586,20.6763981820172,4.6214847882843895
Norman,52,30.109038455787395,5.247776803133689,24.861261652653706
Norman,53,35.00226132406778,20.14137529741076,14.860886026657017
Norman,54,33.97994141153844,6.746353805294874,27.233587606243567
Norman,55,25.105570592730757,4.4402012903143175,20.66536930241644
Norman,56,6.6145022762643855,2.223292654894849,4.391209621369537
Norman,57,30.448755101261987,7.538222482242527,22.910532619019463
Norman,58,67.8558016697182,16.10794460576242,51.747857063955784
Norman,59,25.174297612959737,1.9050779644422133,23.26921964851752
Norman,60,11.872647571547455,3.865003262129422,8.007644309418033
Norman,61,16.7713298503342,2.7418162062849807,14.029513644049217
Norman,62,60.26157614643518,5.689042994324015,54.57253315211117
Norman,63,52.507618628122536,4.839509234229503,47.66810939389303
Norman,64,87.41548486867119,9.832897541968093,77.58258732670309
Norman,65,54.637848024435144,17.50805400361933,37.129794020815815
Norman,66,24.57224275202402,9.11079331200403,15.461449440019988
Norman,67,39.606179101562105,10.319993692712373,29.28618540884973
Norman,68,60.238857923752256,25.83259764215611,34.40626028159615
Norman,69,78.7337456205382,40.66010805119709,38.07363756934111
Norman,70,45.61395961310652,38.159565597068045,7.454394016038478
Norman,71,36.87545783573953,6.266359888950542,30.609097946788985
Norman,72,14.269860077926968,7.815783205990377,6.45407687193659
Norman,73,29.270929853036233,10.610289406441527,18.66064044659471
Norman,74,33.87506777540639,4.548954873628475,29.32611290177792
Norman,75,29.623150322003266,1.2703491548341492,28.352801167169115
Norman,76,74.62812075093825,42.538502546718526,32.08961820421973
Norman,77,37.160668350684276,24.443396109197234,12.717272241487041
Norman,78,18.979047756311683,4.210575556467399,14.768472199844288
Norman,79,27.46386273348431,4.015819653845178,23.44804307963913
Norman,80,14.19430879319449,8.20183335104591,5.992475442148581
Norman,81,19.417474177890007,8.551004928003753,10.866469249886254
Norman,82,12.485511176729878,1.1989584684289545,11.286552708300924
Norman,83,65.43410984281935,36.58478789095632,28.849321951863033
Norman,84,23.278955253002778,13.710886206480206,9.56806904652257
Norman,85,26.27828864900755,9.803704529982307,16.474584119025245
Norman,86,32.67179460169712,7.964673393088345,24.70712120860878
Norman,87,20.901907344982742,16.368433650750152,4.533473694232591
Norman,88,33.01151123707285,16.599050014465096,16.41246122260776
Norman,89,26.974452388157708,12.278757761265892,14.695694626891816
Norman,90,45.69637921691108,29.71728123363345,15.979097983277633
Norman,91,15.78793029376477,9.90754352668984,5.88038676707493
Norman,92,14.807348508160553,8.443429092897905,6.3639194152626475
Norman,93,21.538986118271946,11.810656769009258,9.728329349262689
Norman,94,6.7205426562319195,1.4695298334433728,5.251012822788546
Norman,95,25.97056902641932,16.69346160779674,9.277107418622583
Norman,96,12.726429981110066,11.155526700337315,1.5709032807727494
Norman,97,13.342243449838566,8.14010121579372,5.202142234044847
Norman,98,70.90620704869116,26.6842227145154,44.221984334175765
Norman,99,72.15588526176597,21.628890406636298,50.52699485512968
Norman,100,34.90363957833006,29.99368625174985,4.909953326580211
Norman,101,30.96722363158146,14.835526152891392,16.131697478690068
Norman,102,41.43098931283383,39.72624225024688,1.7047470625869543
Norman,103,21.0944838788614,12.176437720170572,8.918046158690828
Norman,104,8.712525520368505,7.548260757222422,1.1642647631460836
Norman,105,22.881405643080974,13.954611414620745,8.92679422846023
Norman,106,14.882811759641637,2.9290874344462763,11.953724325195362
Norman,107,32.63604421318659,16.880738327821962,15.755305885364626
Norman,108,26.43766838984521,20.448467518904103,5.989200870941109
Norman,109,38.888133655142006,18.317687763575833,20.570445891566173
Norman,110,17.27022814163309,9.331420902808715,7.938807238824377
Norman,111,42.16506080900433,18.709984334241152,23.45507647476318
Norman,112,7.803620599928574,3.82960510472773,3.974015495200844
Norman,113,14.609400615060622,6.0247311207794,8.584669494281222
Norman,114,26.067132460098634,12.746594603274016,13.320537856824618
Norman,115,52.15808384561895,24.051286670072862,28.10679717554608
Norman,116,46.18596566192247,16.999040384873915,29.186925277048548
Norman,117,57.45420289790227,9.332785757094403,48.12141714080787
Norman,118,62.77836751041467,42.058646216304965,20.719721294109704
Norman,119,34.60213887132123,5.026890534540177,29.575248336781055
Norman,120,20.533836947734788,9.319236293916305,11.214600653818483
Norman,121,55.71282489644388,44.44117552828445,11.271649368159432
Norman,122,80.69811218854483,40.52173217715471,40.17638001139012
Norman,123,43.64716051439461,7.382188820080575,36.26497169431404
Norman,124,41.86069829579383,9.955863775461454,31.904834520332376
Norman,125,65.89182034197151,12.756500818566494,53.13531952340501
Norman,126,13.364653481698541,4.200933542927646,9.163719938770894
Norman,127,30.43431406437872,12.506914082946729,17.927399981431993
Norman,128,16.97420884045921,6.538092449051046,10.436116391408165
Norman,129,33.70256780115358,28.796576952640116,4.9059908485134605
Norman,130,46.09425624308208,30.04617811435918,16.048078128722896
Norman,131,25.004835532907542,10.211575829078718,14.793259703828824
Norman,132,28.025478260341856,11.93041172485131,16.095066535490545
Norman,133,97.87428644057348,51.94647637538223,45.927810065191245
Norman,134,30.63824971320558,12.693541398656935,17.944708314548645
Norman,135,45.11662431453181,36.02264402897706,9.093980285554752
Norman,136,33.37095222592422,10.042573301700092,23.32837892422413
Norman,137,34.88748148230931,10.085789104923588,24.80169237738572
Norman,138,16.810404300984235,4.3259607977452905,12.484443503238944
Norman,139,45.78924433445798,29.82243556628344,15.966808768174545
Norman,140,51.23117165579949,20.666536013935556,30.564635641863937
Norman,141,39.78541529624681,23.837312733426124,15.948102562820687
Norman,142,32.30519913146131,16.666940520435247,15.638258611026062
Norman,143,27.467561051925028,18.54123770599185,8.926323345933179
Norman,144,40.359113644321695,15.561690560143813,24.79742308417788
Norman,145,13.112551674317839,3.668045970332152,9.444505703985687
Norman,146,30.961588104077986,7.492257700312285,23.469330403765703
Norman,147,38.12997908849503,10.09428641742112,28.035692671073907
Norman,148,27.069904146248327,21.378725799662174,5.691178346586151
Norman,149,102.33992468525261,77.51056098590536,24.829363699347255
Norman,150,27.168878094240988,18.783213169073885,8.3856649251671
Norman,151,32.07178700783512,19.121344817839542,12.950442189995579
Norman,152,60.10571859549956,39.7845347487713,20.32118384672826
Norman,153,39.724833371977745,5.267104898343104,34.457728473634646
Norman,154,10.999140805623826,2.089019597295719,8.910121208328105
Norman,155,16.782072574547527,2.204812083438651,14.577260491108875
Norman,156,57.494708252013815,12.406745888878751,45.08796236313507
Norman,157,12.206552572521463,5.189352224579845,7.017200347941619
Norman,158,15.611820062887992,6.659014145266112,8.95280591762188
Norman,159,54.80198276261311,41.154177055594324,13.647805707018785
Norman,160,16.917853565424483,6.583352785643132,10.334500779781353
Norman,161,41.10553761032851,4.344947671095,36.76058993923351
Norman,162,30.192283565366267,18.58457182426055,11.607711741105717
Norman,163,42.2377503005194,15.940045507758462,26.297704792760932
Norman,164,31.19995330707359,19.902789950116404,11.297163356957185
Costa,1,98.58228261824468,40.959190007474454,57.623092610770215
Costa,2,42.073252341358845,27.06070787898031,15.012544462378537
Costa,3,36.495676112488,13.798589085038973,22.697087027449022
Costa,4,38.66535420132492,17.132708049691008,21.532646151633905
Costa,5,52.95141642262774,32.366243330711775,20.58517309191596
Costa,6,59.68023625456044,17.760893281070366,41.91934297349008
Costa,7,37.724221108245004,16.821345158730885,20.90287594951412
Costa,8,39.55576754687357,30.257147157487754,9.298620389385817
Costa,9,33.49757548064062,10.215802485526536,23.28177299511408
Costa,10,53.86930296078841,26.859551488271396,27.009751472517014
Costa,11,15.193382149361895,9.434313320032983,5.759068829328912
Costa,12,36.29913708323024,22.60344041599262,13.695696667237623
Costa,13,27.08998070919237,18.252945257281937,8.837035451910436
Costa,14,42.892792305066266,33.46131052851358,9.431481776552689
Costa,15,23.240915424320644,4.314524641915304,18.926390782405342
Costa,16,17.063848936736893,13.516834730873912,3.5470142058629808
Costa,17,22.365999768586324,8.267230778275406,14.09876899031092
Costa,18,9.191545358163669,4.663927332703648,4.527618025460021
Costa,19,15.742141634602426,4.774524573737034,10.967617060865392
Costa,20,75.47302060110702,61.22222445789782,14.250796143209193
Costa,21,86.36148712650363,43.439061501709496,42.92242562479413
Costa,22,57.54798160439213,22.327772847748825,35.2202087566433
Costa,23,31.235835766524566,7.130406200552331,24.105429565972237
Costa,24,21.349612581768543,6.365399852720636,14.984212729047908
Costa,25,98.1624358120225,30.782748165351176,67.37968764667131
Costa,26,33.02612838229707,17.100843098610692,15.925285283686376
Costa,27,34.293593736899375,16.004898109861937,18.288695627037438
Costa,28,7.079631437057558,1.1811713413284155,5.898460095729143
Costa,29,29.434360150636937,7.256446104760589,22.17791404587635
Costa,30,42.09723636173179,22.142609450421986,19.954626911309802
Costa,31,76.35162355453464,43.966998710549305,32.384624843985335
Costa,32,37.88483363488049,11.679982980612932,26.204850654267563
Costa,33,22.805042590277033,13.535502414827482,9.269540175449553
Costa,34,73.83386357953167,45.45896058344415,28.37490299608751
Costa,35,107.06480816534456,58.336757324230334,48.728050841114225
Costa,36,36.17832547734251,30.736519227834453,5.441806249508056
Costa,37,45.50124906303707,36.36605899433508,9.135190068701993
Costa,38,19.56479038556398,16.24159027222126,3.323200113342724
Costa,39,54.05597981330835,29.068755302045787,24.98722451126256
Costa,40,34.14843487522916,15.047298720993622,19.101136154235537
Costa,41,48.24645541656047,21.053097974388955,27.193357442171514
Costa,42,58.9391643878538,51.30584239449915,7.633321993354648
Costa,43,56.321461869704294,41.73671669071744,14.584745178986864
Costa,44,43.52750461664863,11.790372447231245,31.737132169417382
Costa,45,63.819531220287956,32.20210858676303,31.617422633524928
Costa,46,44.5581787652225,12.78157450491686,31.776604260305636
Costa,47,48.544433914912226,31.2130735099036,17.331360405008628
Costa,48,38.94554558267499,28.764965151979975,10.180580430695015
Costa,49,72.5799587172225,33.99376606634301,38.58619265087949
Costa,50,37.73910242968624,29.71446347392126,8.024638955764981
Costa,51,64.21401813110407,25.18068161353581,39.03333651756826
Costa,52,67.90247088934031,23.13362026091838,44.76885062842193
Costa,53,61.17365104298065,33.09544977989864,28.07820126308202
Costa,54,19.163171003984566,9.832674661237515,9.33049634274705
Costa,55,9.315526963240064,3.1868908104271814,6.1286361528128825
Costa,56,62.32439936118869,31.81584381081211,30.508555550376578
Costa,57,79.02673801940499,26.92732088980319,52.0994171296018
Costa,58,19.160793511806546,8.525144220057832,10.635649291748713
Costa,59,43.70528789863565,27.17007234998236,16.535215548653294
Costa,60,22.349093200502857,11.857700220406777,10.49139298009608
Costa,61,75.20611453384069,31.40996476161403,43.79614977222666
Costa,62,27.16799754243739,16.346728075048546,10.821269467388847
Costa,63,23.411125965903878,7.778524884634821,15.632601081269057
Costa,64,70.92866111751883,34.90879078704899,36.01987033046984
Costa,65,131.2412211754394,72.48151309829223,58.75970807714719
Costa,66,76.86300365105853,31.286533510071052,45.576470140987475
Costa,67,28.092752385243198,16.732409498702378,11.36034288654082
Costa,68,15.838650041296022,12.456805222845846,3.381844818450177
Costa,69,51.22095725516629,15.700557596596651,35.52039965856964
Costa,70,85.39919880101239,72.6340245636272,12.765174237385196
Costa,71,51.8919372519749,46.66216772875241,5.229769523222492
Costa,72,54.5575417611174,23.627653487344208,30.92988827377319
Costa,73,17.171452310294224,4.276484820446651,12.894967489847572
Costa,74,19.72667972299063,12.752032017009086,6.974647705981546
Costa,75,15.528696028605035,7.966522573949134,7.562173454655901
Costa,76,48.991930013431194,21.800421753418885,27.191508260012313
Costa,77,22.654820563959504,8.114455171636635,14.540365392322867
Costa,78,88.10566088239102,23.604142797324766,64.50151808506625
Costa,79,11.011820741785291,3.01571165349236,7.996109088292931
Costa,80,16.19087051747653,10.998084149807367,5.1927863676691635
Costa,81,33.329258126733535,15.92703537231693,17.40222275441661
Costa,82,21.18358465519307,10.99703849959003,10.18654615560304
Costa,83,51.95956358201657,21.762293896679065,30.197269685337506
Costa,84,31.578678358494752,5.543531933428518,26.035146425066234
Costa,85,35.94768711151831,18.29086949334211,17.656817618176202
Costa,86,19.18542693091128,12.487602500247675,6.697824430663606
Costa,87,26.492614793824284,15.296582756687764,11.19603203713652
Costa,88,69.90449204576913,53.093185150476586,16.811306895292546
Costa,89,32.59589108008502,11.738803789733245,20.85708729035177
Costa,90,48.28942629898684,19.874920509481306,28.41450578950553
Costa,91,82.04834936219089,53.30997685390472,28.73837250828616
Costa,92,20.535862222653837,12.451698011709043,8.084164210944795
Costa,93,40.78994807013405,18.4422637551138,22.347684315020253
Costa,94,79.47291329310394,37.184355191604176,42.28855810149977
Costa,95,30.391475254912578,17.05237976897143,13.339095485941147
Costa,96,21.428829166557424,8.728111276616223,12.700717889941199
Costa,97,41.473861158862256,8.969668461144826,32.50419269771743
Costa,98,22.656273480494757,10.617465898158597,12.03880758233616
Costa,99,45.506488356944416,30.447753485415497,15.058734871528921
Costa,100,27.430930130365933,10.94137665520536,16.489553475160573
Costa,101,82.16599100062925,46.376781108063575,35.78920989256567
Costa,102,29.53579964569944,9.012617370748629,20.523182274950813
Costa,103,32.5606690223681,12.025423211368214,20.53524581099989
Costa,104,48.19784896623519,17.748741655504787,30.4491073107304
Costa,105,33.728632108282994,9.948291043223318,23.78034106505967
Costa,106,40.38982560296055,14.698160178289745,25.691665424670806
Costa,107,51.86235073330301,15.369316281996594,36.493034451306414
Costa,108,49.694081525620625,11.062276323198386,38.631805202422235
Costa,109,26.644774036418042,18.20803714415241,8.436736892265634
Costa,110,34.31287781158782,10.784770613163452,23.52810719842436
Costa,111,16.51914000537402,9.810220615060157,6.708919390313862
Costa,112,34.35981118867191,11.21610859575248,23.143702592919432
Costa,113,21.058557398600914,15.751530518641083,5.307026879959832
Costa,114,32.979106950321146,21.172676830546234,11.806430119774916
Costa,115,24.280670241497848,5.574219135362769,18.706451106135077
Costa,116,72.65885610227112,38.39911954701827,34.25973655525284
Costa,117,25.78817385589022,18.55779206172151,7.23038179416871
Costa,118,29.912587494405713,8.323564057692998,21.589023436712715
Costa,119,29.31064270157983,14.044086758220784,15.266555943359045
Costa,120,14.075434380499864,8.175741543696438,5.8996928368034265
Costa,121,28.068977499530337,9.124095139348334,18.944882360182003
Costa,122,14.053596715391318,5.048199860198932,9.005396855192386
Costa,123,26.895555017536044,8.499432136823787,18.39612288071226
Costa,124,43.11037653772255,23.105134430558294,20.005242107164253
Costa,125,19.859598907810184,3.211370117962261,16.648228789847924
Costa,126,6.3935059454760905,5.246676107175605,1.1468298383004856
Costa,127,82.85916088355636,37.53261317312694,45.32654771042942
Costa,128,36.98596700529011,23.89745438568867,13.088512619601437
Costa,129,43.12763531527443,32.97171031632509,10.155924998949343
Costa,130,14.579109665910343,8.156017175793856,6.4230924901164865
Costa,131,77.76464402041721,50.462626569069634,27.302017451347577
Costa,132,19.542600518200498,7.081656708225603,12.460943809974895
Costa,133,33.03546222535587,8.79142290541712,24.244039319938754
Costa,134,69.23949980035938,47.97559786672765,21.26390193363173
Costa,135,65.50585274980172,14.898353485125247,50.60749926467646
Costa,136,64.2471268699746,30.026971104732098,34.220155765242495
Costa,137,56.23657673325684,22.537839326389587,33.69873740686725
Costa,138,64.93642232034927,9.879299864089662,55.05712245625961
Costa,139,68.0887955136368,4.547694591289457,63.54110092234735
Costa,140,78.4356240186685,20.865056284607128,57.57056773406137
Costa,141,9.918528406111623,5.756691352010647,4.1618370541009755
Costa,142,36.251587332002266,11.08323343506064,25.168353896941625
Costa,143,47.66700869548237,8.944947014703743,38.72206168077863
Costa,144,21.023335358917688,11.141437881578634,9.881897477339052
Costa,145,20.69766350057204,11.79329339642758,8.90437010414446
Costa,146,29.327527272459207,24.255354412201935,5.07217286025727
Costa,147,37.62212119976261,21.244353711580164,16.37776748818245
Costa,148,26.208262817753663,19.806105442006796,6.402157375746867
Costa,149,14.563700006029201,3.7402236608762935,10.823476345152908
Costa,150,31.316626336796755,21.26698386061623,10.049642476180527
Costa,151,17.256821728448962,3.5579055601261587,13.698916168322802
Costa,152,67.95264028521365,63.14178197889236,4.810858306321293
Costa,153,20.494300206955057,14.493520077344066,6.00078012961099
Costa,154,86.73446658966922,69.891547917521,16.842918672148226
Costa,155,23.635380343126375,8.08845689463947,15.546923448486908
Costa,156,35.62780487695322,19.376176306668956,16.251628570284268
Costa,157,50.56758828865886,32.78327236596874,17.78431592269012
Costa,158,24.363662200368008,19.729508493062838,4.634153707305174
Costa,159,49.9633540816299,17.951620626874764,32.01173345475514
Costa,160,14.17053390026816,2.9699230015434894,11.200610898724669
Costa,161,9.063337103852932,4.201990188645239,4.861346915207693
Costa,162,35.622169349449756,6.386461539703488,29.23570780974627
Costa,163,69.04648297254523,38.20746758084756,30.83901539169767
Costa,164,29.239582230757158,5.611576500041195,23.628005730715962
Costa,165,94.3809968716194,60.11135413021651,34.26964274140288
Costa,166,68.93962809918318,23.875572685487928,45.06405541369525
Costa,167,99.50580468967961,65.3562691121445,34.149535577535104
Costa,168,139.9315568039186,98.47168538269354,41.45987142122506
Costa,169,17.88663595801466,6.925270806298638,10.961365151716025
Costa,170,54.24758774842641,31.074298654147437,23.173289094278974
Costa,171,19.246735302627762,4.249187737618275,14.997547565009487
Costa,172,15.24350752485853,4.673613414084772,10.569894110773758
Costa,173,46.042083599357575,27.51929342999087,18.5227901693667
Costa,174,34.36826447271365,13.447777501554548,20.9204869711591
Costa,175,37.95853576832744,20.77396326328229,17.184572505045146
Costa,176,50.41542904606511,30.98976574159535,19.425663304469754
Costa,177,40.34650250096692,14.687241325537743,25.65926117542918
Costa,178,44.39668567235646,17.091146039763004,27.305539632593455
Costa,179,51.96590354865461,21.681107081557723,30.284796467096886
Costa,180,65.62853554890263,53.6558573605618,11.972678188340835
Costa,181,31.585722764267356,18.24290694767736,13.342815816589997
Costa,182,59.06596376389541,42.899044234701904,16.166919529193507
Costa,183,27.236856648178023,19.9462451579637,7.290611490214324
Costa,184,26.114506118855306,19.765908272081802,6.348597846773507
Costa,185,20.405364538270376,7.57181549546259,12.833549042807785
Costa,186,63.47858179911439,42.770835994818114,20.707745804296273
Costa,187,54.76042075124242,23.59885949010992,31.1615612611325
Costa,188,190.2434330294384,88.83053062144718,101.41290240799123
Costa,189,88.78535832907097,53.92656080834676,34.85879752072421
Costa,190,40.84630334516878,22.578036502085364,18.268266843083413
Costa,191,26.71240036645971,9.219018556546466,17.493381809913245
